Platform Name,URL,DR,Status,Date Submitted,Anchor Text Used,Notes
Product Hunt,https://www.producthunt.com,90,LAUNCHED,2026-09-26,calcpromaster.com?ref=producthunt,VERIFIED LIVE 2026-09-26: product page producthunt.com/products/calcpromaster-1200-free-calculators - 'Launched this week' - Visit website links https://calcpromaster.com/?ref=producthook (checked: ref=producthunt). Nothing left to edit.
AlternativeTo,https://alternativeto.net,85,SUBMITTED,2026-09-25,CalcProMaster — 1216+ Free Online Calculators,Submitted 2026-09-25. STRENGTHENED 2026-09-27: full description (334 chars) + tagline 1216 added; 7 alternatives listed (Wolfram Alpha, fxSolver, Symbolab, Mathway, Omni Calculator, GeoGebra Classic, SymPy Gamma); both reviewer warnings cleared (verified on my-submissions). Manage id: 6f2163d2-01ff-4162-a712-0877244b5207. Normal queue - approve hone par public hoga.
SaaSHub,https://www.saashub.com,70,LIVE,2026-09-25,nofollow URL,Listing LIVE: https://www.saashub.com/calcpromaster (200, links to .com). REVIEW POSTED 2026-09-27: 5 stars (Excellent) + genuine review title '1,200+ calculators that actually show the working'. PENDING APPROVAL - confirmation email aayi, user ko inbox/spam check karke approve karna hai. Note: Experts 'No Code' round mein product tha hi nahi (tournament nominations alag cheez hai).
BetaList,https://betalist.com,75,Pending,,,Needs a "coming soon"/early angle. Best if submitted before full launch messaging.
Fazier,https://fazier.com,55,LIVE,2026-09-25,fazier.com?ref=calcpromaster (footer),Launch page LIVE: https://fazier.com/launches/calcpromaster (200, links .com?ref=fazier). Maker comment posted. VERIFIED 2026-09-27: page live, UPVOTES 0 — abhi push shuru karo (share line docs/outreach-emails.md mein ready).
Slant.co,https://www.slant.co,70,Pending,,,Answer "What are the best free online calculator sites?" style topics. Write a genuine comparison (not spam) with pros/cons.
Indie Hackers,https://www.indiehackers.com,80,Pending,,,Post build-log/milestone story (e.g. "1,200 calculators, zero funding"). Link in profile + one contextual link max.
Uneed,https://www.uneed.best,74,Pending,,,IMPORTANT: free launch queue closed Aug 2026 — paid launch now $14.99/$29.99. Decide if worth paying; otherwise skip and rely on community posts. Clean screenshot + real description; they reject thin submissions.
Launching Next,https://www.launchingnext.com,55,SUBMITTED,2026-09-25,naked URL,Submitted 2026-09-25 (free tier - review in days). STATUS 2026-09-28: review pending, publish ka koi email nahi aya. VERIFIED 2026-09-27: /site/calcpromaster.com/ page abhi public nahi (homepage content render hota hai) - review pending. Publish email ka wait karo (inbox+spam).
Twelve.Tools,https://twelve.tools,82,LIVE,2026-09-22,Approved+Verified. Listing: https://twelve.tools/calcpromaster-netlify-app (edit-hash nj8tsuizv5f5c6swun37 - KEEP SAFE). DR82 dofollow earned. EDIT-URL MYSTERY SOLVED 2026-09-27: har format try kiya (/edit, /edit-tool, /manage, /tools/<slug>/edit, ?edit=, ?id=, ?tool=) - sab 404 ya empty form; on-page koi Edit button nahi; site par Edit link sirf ORIGINAL SUBMISSION EMAIL mein hota hai. ACTION: user inbox (22 Sep, sender twelve.tools) mein edit link dhundo YA sam@twelve.tools ko email bhejo (paste-ready draft docs/outreach-emails.md mein hai). Edit mein: URL https://calcpromaster.com + description 1206→1216+.
Blog: BMI honest look,https://calcpromaster.com/blog/bmi-honest-look,0,N/A OWN SITE,,n/a,Root blog/ mein pehle se mojood (deploy/blog/bmi-honest-look.html 200). Pichli row website-copy ghalti thi — user ne kabhi submit nahi kiya. Ab /guides/bmi isay link karta hai.
GitHub Awesome Lists,https://github.com/topics/awesome,95,Pending,,,Target: awesome-calculators / awesome-finance-tools style repos. Contribute via PR with a one-line useful description; only where genuinely on-topic.
StartupBase,https://startupbase.io/submissions/calcpromaster,60,SUBMITTED,2026-09-28,CalProMaster link in submission,User ne submit kiya (owner view OK). VERIFIED 2026-09-28: public /s/calcpromaster 404 = approval pending ya slug alag. Maker comment ready (comment-startupbase ready text in reply). Kya dekhna: approval email + public page live hone par dobara verify.
OpenAlternative,https://openalternative.co,68,PREPARED,,n/a (coupon khali),2026-09-28: user form open kar chuka. BLOCKER: repo stars 0 (min 10 chahiye) — stars aane par submit. LICENSE MIT add ho gayi (e3c04de). Coupon fields KHALI rakhne hain (fake discount = jhoot). Content ready (reply mein).
1000.tools,https://1000.tools,58,REJECTED,2026-09-28,n/a,REJECTED 2026-09-28: category mismatch - sirf developer tools/SaaS/tech platforms. CalcProMaster fit nahi. DROP kiya - ab target nahi. (Note: 6-sites guide mein se 1 removed; replacements: HN Show HN + Slant + IndieHackers already in tracker.)
Peerlist,https://peerlist.io/ahunabuzar,74,PROFILE+PROJECT LIVE,2026-09-28,calcpromaster.com/?ref=peerlist,UPDATED-BY-AGENT 2026-09-28 (browser automation): name+tagline 1216+ kiye, OSS checkbox ON (repo URL auto-link ho gaya), SAVE CONFIRMED - naya public URL peerlist.io/ahunabuzar/project/calcpromaster--1216-free-online-calculators (title 1216 verified). BACHA: description ke andar 1206 abhi bhi hai (edit-form cache nahi kholta), LaunchPad Launch button project page par maujood hai - user 1 click me launch kar sakta hai.
DevHunt,https://devhunt.org/tool/calcpromaster,65,EXISTS-DESC-FIXED-LAUNCH-PAYWALL,2026-09-28,n/a,UPDATED-BY-AGENT 2026-09-28 (browser+source-code verified): (1) DESCRIPTION CLEAN+SAVED - spammy duplicate mortgage text removed, PATCH 200 + public page par naya text visible. (2) CATEGORY Other->Helpers IMPOSSIBLE: DevHunt ka open-source PATCH handler (MarsX-dev/devhunt app/api/tools/[id]/route.ts) CONFIRM karta hai - moderation='not_a_fit' wale tools sirf "Other" category mein rehte hain, server category update silently skip karta hai (yehi wajah thi ke har save ke baad Other wapas aa jata tha). (3) LAUNCH DATE 2029 = $49 PAYWALL ("Pay to edit", sabse pehli week Sep 29-Oct 5 2026). USER DECISION: $49 do to date fix + launch exposure milega; warna listing aise hi zinda hai (clean desc + Other category). 0 upvotes, 2 impressions.
StartupBase re-check,https://startupbase.io/submissions/calcpromaster/launch,-,PENDING-LOGIN,2026-09-28,n/a,RE-CHECKED 2026-09-28 (browser): /launch page login-gated, public /s/calcpromaster abhi bhi 404 = submission approval pending ya incomplete draft. USER ACTION: apne browser mein login karke /launch page kholo - wahan "Launch" button hoga (StartupBase launch = approve hone ke baad chalta hai). Comment template pehle se diya gaya.
OpenAlternative re-check,https://openalternative.co/submit,68,LOGIN-GATED,2026-09-28,n/a,RE-CHECKED 2026-09-28 (browser): /submit login maangta hai, /calcpromaster public 404 = listing nahi bani. BLOCKER wahi: repo 0/10 stars + LICENSE (ho gayi). USER ACTION: 10 stars jama karo (doston se, LinkedIn/X post se), phir /submit login karke paste-ready content use karo (pichle reply mein field-by-field diya tha).
